title,channel,view_count,view_text,duration,published,url,scraped_at
Python Tutorial For Beginners in Hindi | Complete Python Course 🔥,CodeWithHarry,19937315,"19,937,315 views",10:53:55,1 year ago,https://www.youtube.com/watch?v=UrsmFxEIp5k,2026-05-23T19:48:45
Python Full Course for Beginners,Programming with Mosh,47772495,"47,772,495 views",6:14:07,7 years ago,https://www.youtube.com/watch?v=_uQrJ0TkZlc,2026-05-23T19:48:45
Python Full Course for free 🐍,Bro Code,9900414,"9,900,414 views",12:00:00,1 year ago,https://www.youtube.com/watch?v=ix9cRaBkVe0,2026-05-23T19:48:45
Python Full Course for Beginners,Programming with Mosh,6357154,"6,357,154 views",2:02:21,1 year ago,https://www.youtube.com/watch?v=K5KVEU3aaeQ,2026-05-23T19:48:45
Harvard CS50’s Introduction to Programming with Python – Full University Course,freeCodeCamp.org and CS50,8305251,"8,305,251 views",15:57:48,3 years ago,https://www.youtube.com/watch?v=nLRL_NcnK-4,2026-05-23T19:48:45
Learn Python - Full Course for Beginners [Tutorial],freeCodeCamp.org,48769165,"48,769,165 views",4:26:52,7 years ago,https://www.youtube.com/watch?v=rfscVS0vtbw,2026-05-23T19:48:45
Python Full Course for Beginners (13 Hours) – From Zero to Hero,Data with Baraa,447680,"447,680 views",13:02:53,2 months ago,https://www.youtube.com/watch?v=Rq5gJVxz55Q,2026-05-23T19:48:45
Complete Python Learning RoadMap (A to Z),Apna College,543072,"543,072 views",13:43,2 months ago,https://www.youtube.com/watch?v=XV-lIaO00H8,2026-05-23T19:48:45
Complete Python Programming Roadmap (Zero to Expert) 🐍,CodeWithHarry,1070482,"1,070,482 views",12:52,1 year ago,https://www.youtube.com/watch?v=g4Ffdh41vRQ,2026-05-23T19:48:45
Python Tutorial for Beginners - Full Course (with Notes & Practice Questions),Apna College,11961794,"11,961,794 views",10:24:51,2 years ago,https://www.youtube.com/watch?v=ERCMXc8x7mc,2026-05-23T19:48:45
Python Full Course for Beginners | Complete All-in-One Tutorial | 9 Hours,Dave Gray,1082284,"1,082,284 views",8:38:56,2 years ago,https://www.youtube.com/watch?v=H2EJuAcrZYU,2026-05-23T19:48:45
Learn Python in Less than 10 Minutes for Beginners (Fast & Easy),Indently,1428715,"1,428,715 views",10:30,4 years ago,https://www.youtube.com/watch?v=fWjsdhR3z3c,2026-05-23T19:48:45
I Tried 50 Python Courses. Here Are Top 5.,Pooja Dutt,123428,"123,428 views",9:42,1y ago,https://www.youtube.com/watch?v=lsqJn0DU5wI,2026-05-23T19:48:47
Python for Beginners – Full Course [Programming Tutorial],freeCodeCamp.org and Beau Carnes,4441066,"4,441,066 views",4:40:00,3y ago,https://www.youtube.com/watch?v=eWRfhZUzrAc,2026-05-23T19:48:47
Intermediate Python Programming Course,freeCodeCamp.org,4379559,"4,379,559 views",5:55:47,5y ago,https://www.youtube.com/watch?v=HGOBQPFzWKo,2026-05-23T19:48:47
Python As Fast as Possible - Learn Python in ~75 Minutes,Tech With Tim,2202806,"2,202,806 views",1:19:41,5y ago,https://www.youtube.com/watch?v=VchuKL44s6E,2026-05-23T19:48:47
How to learn Python for AI,Data with Baraa,8657,"8,657 views",17:35,2d ago,https://www.youtube.com/watch?v=3_zUFQS52PY,2026-05-23T19:48:47
Python for Beginners - Learn Coding with Python in 1 Hour,Programming with Mosh,24297563,"24,297,563 views",1:00:06,5y ago,https://www.youtube.com/watch?v=kqtD5dpn9C8,2026-05-23T19:48:47
Python for Everybody - Full University Python Course,freeCodeCamp.org,7681669,"7,681,669 views",13:40:10,7y ago,https://www.youtube.com/watch?v=8DvywoWv6fI,2026-05-23T19:48:47
Python Full Course for free 🐍,Bro Code,21888555,"21,888,555 views",12:00:00,5y ago,https://www.youtube.com/watch?v=XKHEtdqhLK8,2026-05-23T19:48:47
15 Minute Python Tutorial For Beginners In Hindi (Full & Complete Python Crash Course),CodeWithHarry,2158341,"2,158,341 views",17:37,7y ago,https://www.youtube.com/watch?v=fr1f84rg4Nw,2026-05-23T19:48:47
Do THIS instead of watching endless tutorials - how I’d learn Python FAST…,Tech With Tim,606641,"606,641 views",10:34,1 year ago,https://www.youtube.com/watch?v=mB0EBW-vDSQ,2026-05-23T19:48:48
Lec-1: What is Python? Introduction to Python 🐍 | Why Python | Where Python is used..,Gate Smashers,1250445,"1,250,445 views",7:38,3 years ago,https://www.youtube.com/watch?v=XIR20HH8mNY,2026-05-23T19:48:48
Lecture 1: Introduction to CS and Programming Using Python,MIT OpenCourseWare,1986669,"1,986,669 views",1:03:30,2 years ago,https://www.youtube.com/watch?v=xAcTmDO6NTI,2026-05-23T19:48:48
Python 101 Crash Course for Beginner Data Scientists | Urdu (12 h) A Truly Free & Complete Course?,Codanics,88145,"88,145 views",11:55:10,1 year ago,https://www.youtube.com/watch?v=glFfZcxwhtE,2026-05-23T19:48:48
Python Tutorial for Beginners - Learn Python in 5 Hours [FULL COURSE],TechWorld with Nana,6747243,"6,747,243 views",5:31:30,5 years ago,https://www.youtube.com/watch?v=t8pPdKYpowI,2026-05-23T19:48:48
Learn Python in Only 30 Minutes (Beginner Tutorial),Indently,775475,"775,475 views",30:42,1 year ago,https://www.youtube.com/watch?v=Ro_MScTDfU4,2026-05-23T19:48:48
👩‍💻 Python for Beginners Tutorial,Kevin Stratvert,4454690,"4,454,690 views",1:03:21,5 years ago,https://www.youtube.com/watch?v=b093aqAZiPU,2026-05-23T19:48:48
Python Full Course 2026 | Beginner to Advanced with AI Projects | Saumya Singh,Saumya Singh,275494,"275,494 views",35:24,6 months ago,https://www.youtube.com/watch?v=s5MJpRBQLgo,2026-05-23T19:48:48
How I Would Learn Python FAST (if I could start over),Sajjaad Khader,460112,"460,112 views",13:29,6 months ago,https://www.youtube.com/watch?v=mC4nyib2sfg,2026-05-23T19:48:50
5 FREE Python Courses with Certificates | Learn Python for FREE in 2025 🔥,CodeHype,134996,"134,996 views",3:02,1 year ago,https://www.youtube.com/watch?v=NEM31eVxWaY,2026-05-23T19:48:50
Learn Python Programming - Python Course,Programming with Mosh,1039714,"1,039,714 views",1:48:05,7 years ago,https://www.youtube.com/watch?v=f79MRyMsjrQ,2026-05-23T19:48:50
Python Full Course | Python Tutorial for Beginners | Part 1 | Sagar Chouksey,Coding With Sagar,174199,"174,199 views",6:37:31,3 months ago,https://www.youtube.com/watch?v=qQEigNVHlX8,2026-05-23T19:48:50
Python Full Course for Beginners - Complete Programming Tutorial 2025,evlearn,22683,"22,683 views",11:54:14,6 months ago,https://www.youtube.com/watch?v=YvYKcGAfJvs,2026-05-23T19:48:50
HOW I Learned Python in 30 Days? BEST Python Course,Ishan Sharma,944559,"944,559 views",12:39,4 years ago,https://www.youtube.com/watch?v=Ogild8PjK6c,2026-05-23T19:48:50
"2026 FREE Data Analyst Bootcamp [24 Hours+] for FREE | SQL, Excel, Python, Power BI, GitHub, AWS",Alex The Analyst,94847,"94,847 views",28:41:08,4 days ago,https://www.youtube.com/watch?v=cnjhHZNJEDk,2026-05-23T19:48:50
Python for AI - Full Beginner Course,Dave Ebbelaar,854926,"854,926 views",5:15:31,7 months ago,https://www.youtube.com/watch?v=ygXn5nV5qFc,2026-05-23T19:48:50
Python Full Course for Beginners to Advanced | 12 Hours Complete Tutorial + Python Book,Sheryians AI School,870035,"870,035 views",11:35:16,1 year ago,https://www.youtube.com/watch?v=_aWbUudZ5Yo,2026-05-23T19:48:51
Intro to Python and AI Programming (Full Day),Eli the Computer Guy,140429,"140,429 views",4:11:16,4 months ago,https://www.youtube.com/watch?v=LJWMhmo-fAE,2026-05-23T19:48:51
The Complete Python Course For Beginners,Tech With Tim,998394,"998,394 views",6:21:13,6 years ago,https://www.youtube.com/watch?v=sxTmJE4k0ho,2026-05-23T19:48:53
Python Classes and Objects - OOP for Beginners,Python Simplified,634780,"634,780 views",8:01,4 years ago,https://www.youtube.com/watch?v=f0TrMH9s-VE,2026-05-23T19:48:53
10 Important Python Concepts In 20 Minutes,Indently,1387502,"1,387,502 views",18:49,1 year ago,https://www.youtube.com/watch?v=Gx5qb1uHss4,2026-05-23T19:48:53
Python Full Course for Beginners | Complete Python Course,Learn2Mastery,24011,"24,011 views",6:03:54,5 months ago,https://www.youtube.com/watch?v=zUg2sl1FMbI,2026-05-23T19:48:53
Python Tutorial For Beginners in English | Complete Python Course 🔥| Learn Python in 12 Hours,Ramesh Fadatare - AI & Tech,6118,"6,118 views",11:34:20,2 months ago,https://www.youtube.com/watch?v=wObsC7E1IEg,2026-05-23T19:48:53
How I Would Learn Python FAST (if I could start over),Thu Vu,1618102,"1,618,102 views",12:19,1 year ago,https://www.youtube.com/watch?v=St48epdRDZw,2026-05-23T19:48:53
Python Full Course | Free Python Tutorial for Beginners in Hindi,DataFlair,678959,"678,959 views",9:28:29,1 year ago,https://www.youtube.com/watch?v=sRrkqjqTTQQ,2026-05-23T19:48:55
Python Full Course For Data Engineers [6+ HOURS],Ansh Lamba,334495,"334,495 views",5:27:05,11 months ago,https://www.youtube.com/watch?v=ZvU7lupoXQE,2026-05-23T19:48:55
Complete Python for beginners in Hindi - Part 1,Chai aur Code,1554864,"1,554,864 views",10:22:07,2 years ago,https://www.youtube.com/watch?v=v9bOWjwdTlg,2026-05-23T19:48:55
Learn Classes in Python in 4 Minutes,Hallden,435639,"435,639 views",3:35,6 years ago,https://www.youtube.com/watch?v=rJzjDszODTI,2026-05-23T19:48:55
Python Full Course For Beginners| Job Ready Python Course by Sagar Chouksey 🔥,Coding With Sagar,748220,"748,220 views",5:00:08,1 year ago,https://www.youtube.com/watch?v=gPvYox9JIYI,2026-05-23T19:48:55
Python for Data Analytics - Full Course for Beginners,Luke Barousse,1366497,"1,366,497 views",11:09:41,1 year ago,https://www.youtube.com/watch?v=wUSDVGivd-8,2026-05-23T19:48:56
Web Scraping with Python - Beautiful Soup Crash Course,freeCodeCamp.org,1797180,"1,797,180 views",1:08:23,5 years ago,https://www.youtube.com/watch?v=XVv6mJpFOb0,2026-05-23T19:48:56
Python Tutorial for Beginners (with mini-projects),freeCodeCamp.org,1067527,"1,067,527 views",8:41:54,2 years ago,https://www.youtube.com/watch?v=qwAFL1597eM,2026-05-23T19:48:56
OpenCV Python Course - Learn Computer Vision and AI,freeCodeCamp.org,678954,"678,954 views",3:00:26,4 years ago,https://www.youtube.com/watch?v=P4Z8_qe2Cu0,2026-05-23T19:48:56
Python Full Course❤️ | Variables & Data Types | Lecture 1,Shradha Khapra,17225973,"17,225,973 views",1:22:19,2 years ago,https://www.youtube.com/watch?v=t2_Q2BRzeEE,2026-05-23T19:48:56
Python beginner course | Great for kids!,Hackingtons Code School,260791,"260,791 views",48:55,3 years ago,https://www.youtube.com/watch?v=m8DXAsyaMK0,2026-05-23T19:48:56
"Data Analysis with Python Course - Numpy, Pandas, Data Visualization",freeCodeCamp.org,3248846,"3,248,846 views",9:56:23,5 years ago,https://www.youtube.com/watch?v=GPVsHOlRBBI,2026-05-23T19:48:56
"OOP in Python - Classes, Objects, class methods, monkey patching & more!",Socratica,46677,"46,677 views",11:25,2 years ago,https://www.youtube.com/watch?v=0XR_91AfgZI,2026-05-23T19:48:56
Learn Python OOP in under 20 Minutes,Indently,575855,"575,855 views",18:32,1 year ago,https://www.youtube.com/watch?v=rLyYb7BFgQI,2026-05-23T19:48:56
Data Science Full Course 2026 | Data Science Tutorial | Data Science In 50 Hours | Simplilearn,Simplilearn,8569,"8,569 views",49:35:53,3 days ago,https://www.youtube.com/watch?v=oopNG3ll8MQ,2026-05-23T19:48:56
Data Structures and Algorithms in Python - Full Course for Beginners,freeCodeCamp.org,3202741,"3,202,741 views",12:30:50,4 years ago,https://www.youtube.com/watch?v=pkYVOmU3MgA,2026-05-23T19:48:58
Learn Python in 1 hour! 🐍,Bro Code,574214,"574,214 views",1:00:00,1 year ago,https://www.youtube.com/watch?v=8KCuHHeC_M0,2026-05-23T19:48:58
"Free Certification Courses by Govt of India |  Learn Python, MATLAB, VLSI, Machine Learning for FREE",Priya Dogra,4320,"4,320 views",6:00,6 months ago,https://www.youtube.com/watch?v=IUy3B2G-lNQ,2026-05-23T19:48:58
Python Class Inheritance,b001,63687,"63,687 views",5:22,1 year ago,https://www.youtube.com/watch?v=an6wd3dpEjA,2026-05-23T19:48:58
Python Object Oriented Programming (OOP) - For Beginners,Tech With Tim,3954560,"3,954,560 views",53:06,6 years ago,https://www.youtube.com/watch?v=JeznW_7DlB0,2026-05-23T19:48:58
All Python Syntax in 25 Minutes – Tutorial,Beau Carnes,280704,"280,704 views",24:59,2 years ago,https://www.youtube.com/watch?v=PNSIWjWAA7o,2026-05-23T19:48:58
"coding is easy, actually","easy, actually",1421798,"1,421,798 views",9:48,1 year ago,https://www.youtube.com/watch?v=qkFYqY3vr84,2026-05-23T19:48:58
FREE Python Programming Full Course (2025) | 15 Hours Master Class,Azad Chaiwala,36420,"36,420 views",15:21:46,11 months ago,https://www.youtube.com/watch?v=ZUkaOGdqlo0,2026-05-23T19:48:58
Python Tutorial for Beginners 2026,Telusko,153751,"153,751 views",8:35:29,2 months ago,https://www.youtube.com/watch?v=j_JuhAWlEaI,2026-05-23T19:48:58
Job-Ready Python Course 2026: Beginner to Advanced Skills | Free Certificate,Saumya Singh,59087,"59,087 views",10:51:30,13 days ago,https://www.youtube.com/watch?v=D9lQC-sN6Tc,2026-05-23T19:48:58
My top 5 python programming course recommendations,Tech With Tim,26502,"26,502 views",11:37,7 months ago,https://www.youtube.com/watch?v=KjkFed4B5r8,2026-05-23T19:48:59
Python Course preview Video | Tutedude,Tutedude,61280,"61,280 views",1:30,1 year ago,https://www.youtube.com/watch?v=arYFNnKf94w,2026-05-23T19:48:59
Python Functions - Visually Explained,Visually Explained,285670,"285,670 views",14:10,1 year ago,https://www.youtube.com/watch?v=KW6qncswzHw,2026-05-23T19:48:59
PYTHON Full Course for Beginners in 16 Hour (with Projects + Questions) | Learn Python Tutorial,WsCube Tech,7714856,"7,714,856 views",16:43:34,4 years ago,https://www.youtube.com/watch?v=sCOw5y1RQpY,2026-05-23T19:48:59
Python Full Course for Beginners 🐍 - Learn Python in 2025,Programiz,244987,"244,987 views",5:00:11,4 years ago,https://www.youtube.com/watch?v=zPFZy6wKhVA,2026-05-23T19:48:59
How I would learn Python programming FAST (If I could start over),Tech With Tim,3732,"3,732 views",13:37,6 hours ago,https://www.youtube.com/watch?v=S5tOMUCvPFA,2026-05-23T19:48:59
Python Full Course in Telugu | Python Tutorials in Telugu | Python in Telugu | Python for Beginners,PythonLife,2421379,"2,421,379 views",9:43:54,3 years ago,https://www.youtube.com/watch?v=h1WdbfoHeac,2026-05-23T19:48:59
Introduction to Python (Hindi) | What is Python? full Explanation,Learn Coding,1408418,"1,408,418 views",12:51,3 years ago,https://www.youtube.com/watch?v=qYhrd2Lhq0g,2026-05-23T19:48:59
Automate with Python – Full Course for Beginners,freeCodeCamp.org,1954339,"1,954,339 views",2:42:55,3 years ago,https://www.youtube.com/watch?v=PXMJ6FS7llk,2026-05-23T19:49:01
I Tried 50 Python Courses. Here are the Top 3,Daniel | Tech & Data,82251,"82,251 views",8:26,1 year ago,https://www.youtube.com/watch?v=L5xWJ1Teavs,2026-05-23T19:49:01
Harvard CS50’s Artificial Intelligence with Python – Full University Course,freeCodeCamp.org and CS50,4667439,"4,667,439 views",11:51:22,2 years ago,https://www.youtube.com/watch?v=5NgNicANyqM,2026-05-23T19:49:01
How to Learn Python for Data Engineers Fast (2026 Step-By-Step Guide),Data with Baraa,87736,"87,736 views",16:56,4 months ago,https://www.youtube.com/watch?v=GRo-HX_Ova8,2026-05-23T19:49:01
Python For Beginners in Telugu [PART 1] || Code with Swaroop || Zero to Hero || Introduction,Swaroop Talks,1562823,"1,562,823 views",15:46,2 years ago,https://www.youtube.com/watch?v=GmdGv5ndX54,2026-05-23T19:49:01
Complete python course with 50 projects,Hitesh Choudhary,204400,"204,400 views",15:08,10 months ago,https://www.youtube.com/watch?v=OzSTb_5SOQw,2026-05-23T19:49:01
Chapter: 1 - Variables - Learn Python Easily (In Hindi),Technical Sagar,784835,"784,835 views",13:51,4 years ago,https://www.youtube.com/watch?v=XfFkz_ND5jg,2026-05-23T19:49:01
Python full course in telugu in 1 hour | Complete python course | Vamsi Bhavani,Vamsi Bhavani,1404351,"1,404,351 views",55:20,4 years ago,https://www.youtube.com/watch?v=WHY3bz5_QdI,2026-05-23T19:49:01
Python for Data Science Full Course Part 1 || 10+ Hours | 5+ Projects,The iScale,521990,"521,990 views",10:19:12,1 year ago,https://www.youtube.com/watch?v=LgW6Vla0kXA,2026-05-23T19:49:01
Natural Language Processing with spaCy & Python - Course for Beginners,freeCodeCamp.org,869769,"869,769 views",3:02:33,4 years ago,https://www.youtube.com/watch?v=dIUTsFT2MeQ,2026-05-23T19:49:01
Python Backend Web Development Course (with Django),freeCodeCamp.org,2714155,"2,714,155 views",10:11:52,4 years ago,https://www.youtube.com/watch?v=jBzwzrDvZ18,2026-05-23T19:49:03
REST API Crash Course - Introduction + Full Python API Tutorial,Caleb Curry,1314530,"1,314,530 views",51:57,5 years ago,https://www.youtube.com/watch?v=qbLc5a9jdXo,2026-05-23T19:49:03
Python Full Course for Absolute Beginners | Python Tutorial | Python Training 2025 | Simplilearn,Simplilearn,6900,"6,900 views",9:06:30,Streamed 7 months ago,https://www.youtube.com/watch?v=BXMGINIeReM,2026-05-23T19:49:03
Introduction to Python Programming | Python for Beginners #lec1,Jenny's Lectures CS IT,1628234,"1,628,234 views",11:14,3 years ago,https://www.youtube.com/watch?v=DInMru2Eq6E,2026-05-23T19:49:03
Classes and Objects with Python - Part 1 (Python Tutorial #9),CS Dojo,1659270,"1,659,270 views",11:36,8 years ago,https://www.youtube.com/watch?v=wfcWRAxRVBA,2026-05-23T19:49:03
FREE Python Course for Beginners (13 HOURS) - Code With Josh,Code with Josh,205778,"205,778 views",10:12:25,2 years ago,https://www.youtube.com/watch?v=rM-jDeSgOQw,2026-05-23T19:49:03
Chapter 02 - Data Types & Operators in Python | Python Full Course 2026 | Saumya Singh,Saumya Singh,57314,"57,314 views",1:03:39,6 months ago,https://www.youtube.com/watch?v=5lDKZio6njw,2026-05-23T19:49:03
FREE Python Programming ( Full Course ) Python Tutorial For Beginners (BUSINESS IDEA),Azad Chaiwala,749636,"749,636 views",9:08:57,3 years ago,https://www.youtube.com/watch?v=R2G7xQymBCs,2026-05-23T19:49:03
Pandas Full Course (2025) | Python Pandas Tutorial For Beginners | Python Pandas Course |Intellipaat,Intellipaat,267005,"267,005 views",1:06:34,11 months ago,https://www.youtube.com/watch?v=vtgDGrUiUKk,2026-05-23T19:49:03
The Ultimate Python Course For Beginners (Learn How To Code in 2026),Erik Frits,189560,"189,560 views",12:00:00,7 months ago,https://www.youtube.com/watch?v=Lc5LKDqhyzs,2026-05-23T19:49:03
Python Crash Course in Hindi | 5 Python Projects | Complete Python Tutorial,CodeWithHarry,1401254,"1,401,254 views",3:08:46,3 years ago,https://www.youtube.com/watch?v=fqF9M92jzUo,2026-05-23T19:49:03
Algorithmic Trading Using Python - Full Course,freeCodeCamp.org,3115958,"3,115,958 views",4:33:03,5 years ago,https://www.youtube.com/watch?v=xfzGZB4HhEE,2026-05-23T19:49:03
